emp_id,name,department,salary,years,city,monthly,bonus
1,Asha,Sales,52000,3,Austin,4333.333333333333,5200.0
2,Bikram,IT,78000,6,Denver,6500.0,7800.0
3,Chitra,HR,48000,2,Austin,4000.0,4800.0
4,Deepak,IT,91000,9,Seattle,7583.333333333333,9100.0
5,Esha,Sales,56000,4,Denver,4666.666666666667,5600.0
6,Farid,IT,65000,3,Austin,5416.666666666667,6500.0
7,Gita,HR,51000,5,Seattle,4250.0,5100.0
8,Hari,Sales,100000,7,Austin,8333.333333333334,10000.0
9,Isha,IT,83000,8,Denver,6916.666666666667,8300.0
10,Jay,Sales,45000,1,Seattle,3750.0,4500.0
